area,direct_va,multiplier_va,total_va,va_multiplier
Arkansas,3666210397.0,2477290536.0,6143500933.0,1.675708774932046
United States,153876573710.0,273399401584.0,427275975293.0,2.7767447961133835
Alabama,6273521209.0,4062998789.0,10336519998.0,1.6476424728063752
Alaska,80002755.0,45544638.0,125547394.0,1.569288382631323
Arizona,1250755252.0,1390987767.0,2641743019.0,2.1121182699618997
Arkansas,3666210397.0,2477290536.0,6143500933.0,1.675708774932046
California,10130544922.0,10661351460.0,20791896381.0,2.0523966421438273
Colorado,1118265682.0,1081180686.0,2199446368.0,1.9668370436498828
Connecticut,974562246.0,961895803.0,1936458049.0,1.9870029410107068
Delaware,290008113.0,169606036.0,459614150.0,1.5848320422677278
Florida,5299044630.0,4822364702.0,10121409332.0,1.91004417564228
District of Columbia,16822947.0,12295747.0,29118694.0,1.7308913830614814
Georgia,8559443759.0,8053657702.0,16613101461.0,1.9409090039912722
Hawaii,103507336.0,92704698.0,196212034.0,1.8956340833658398
Idaho,1390032892.0,1121171903.0,2511204795.0,1.8065794050289279
Illinois,3786881458.0,5156770040.0,8943651498.0,2.3617458315485513
Indiana,4880074528.0,3819170757.0,8699245285.0,1.7826050063553456
Iowa,2394295733.0,1237061392.0,3631357125.0,1.5166702571239974
Kansas,716861953.0,531664979.0,1248526932.0,1.7416560144879107
Kentucky,2501264735.0,2219014030.0,4720278765.0,1.8871568046954454
Louisiana,3613883690.0,1924114027.0,5537997717.0,1.532422787242497
Maine,1695957499.0,1530390532.0,3226348032.0,1.902375521734699
Maryland,826245673.0,646558193.0,1472803866.0,1.7825253603476359
Massachusetts,1660710465.0,2060056339.0,3720766803.0,2.2404668853580083
Michigan,4498982805.0,4598017230.0,9097000035.0,2.022012625807313
Minnesota,4490230924.0,3993175145.0,8483406069.0,1.8893028471334807
Mississippi,3239907047.0,1981862150.0,5221769197.0,1.6117033980450488
Missouri,2634377011.0,2384201909.0,5018578919.0,1.905034434344295
Montana,419940929.0,341260946.0,761201876.0,1.8126403582823907
Nebraska,530247041.0,462406428.0,992653468.0,1.8720584769845043
Nevada,543333958.0,435714689.0,979048648.0,1.801927955329455
New Hampshire,455978874.0,463748219.0,919727093.0,2.0170388266716057
New Jersey,2044980197.0,2385833711.0,4430813908.0,2.1666781490109464
New Mexico,211647984.0,157378549.0,369026533.0,1.7435863362629525
New York,4227096733.0,4602647308.0,8829744042.0,2.0888436200355107
North Carolina,7077664571.0,7684722597.0,14762387169.0,2.085770951831676
North Dakota,367432378.0,192709285.0,560141663.0,1.5244755131514294
Ohio,5703911257.0,6456251641.0,12160162898.0,2.1318990338562345
Oklahoma,1518442571.0,910797535.0,2429240106.0,1.5998234983626523
Oregon,6503522683.0,4099758274.0,10603280958.0,1.6303904014537594
Pennsylvania,8714695886.0,7326859716.0,16041555602.0,1.8407476074719333
Rhode Island,212990032.0,231278623.0,444268655.0,2.085865947942578
South Carolina,4485261543.0,2870338394.0,7355599937.0,1.6399489453362297
South Dakota,653045777.0,367365608.0,1020411386.0,1.562541895129658
Tennessee,5445895321.0,4249108794.0,9695004115.0,1.7802406296013342
Texas,8166620863.0,9214539630.0,17381160492.0,2.128317303273835
Utah,1436364115.0,1123811555.0,2560175669.0,1.7824001882698106
Vermont,392720851.0,352527696.0,745248546.0,1.8976546422283038
Virginia,3960026376.0,3281444756.0,7241471132.0,1.8286421463976632
Washington,5063971129.0,4203119367.0,9267090496.0,1.8300046070424585
West Virginia,821918192.0,442627001.0,1264545193.0,1.538529266426068
Wisconsin,8707402495.0,7469030756.0,16176433251.0,1.8577794308106117
Wyoming,119066291.0,54982932.0,174049223.0,1.4617842005341377
