year,110C,113F,3110,3120,3210,3220
1925,579,5,243,40,26,40
1926,643,7,238,41,31,44
1927,674,8,235,40,33,45
1928,700,8,232,40,35,48
1929,722,9,229,40,36,50
1930,715,9,212,38,34,49
1931,665,8,190,34,30,46
1932,592,7,167,30,26,42
1933,556,7,161,29,24,40
1934,546,8,180,32,26,45
1935,528,8,180,32,26,46
1936,547,9,185,34,27,49
1937,599,11,209,40,30,58
1938,630,12,213,41,31,61
1939,619,12,211,41,30,62
1940,629,13,228,44,33,68
1941,697,15,260,52,39,80
1942,820,19,299,62,45,97
1943,816,19,307,65,46,101
1944,866,20,316,67,48,107
1945,897,21,342,73,52,117
1946,990,22,407,87,62,141
1947,1220,28,504,109,78,185
1948,1543,36,583,127,98,223
1949,1813,43,613,134,112,242
1950,2033,47,625,136,122,256
1951,2331,54,688,146,145,294
1952,2507,59,689,147,154,307
1953,2602,62,687,146,162,323
1954,2663,63,684,147,169,340
1955,2700,69,699,151,184,367
1956,2828,78,752,163,211,425
1957,2925,87,795,175,231,488
1958,3066,98,812,182,240,523
1959,3139,103,821,183,249,540
1960,3105,100,825,181,257,555
1961,3112,101,829,181,258,563
1962,3166,105,849,185,261,580
1963,3260,109,885,192,269,610
1964,3389,118,928,201,282,648
1965,3606,135,982,214,308,706
1966,3883,150,1057,231,345,795
1967,4191,166,1153,251,378,896
1968,4473,187,1243,272,410,981
1969,4766,207,1339,295,450,1069
1970,5061,238,1456,319,489,1175
1971,5439,273,1593,346,534,1270
1972,5847,302,1741,379,584,1341
1973,6354,355,1905,420,645,1434
1974,7487,449,2168,480,766,1655
1975,8948,549,2569,565,939,2041
1976,9989,642,2824,618,1031,2300
1977,11195,749,3146,688,1160,2621
1978,12519,870,3530,774,1317,2970
1979,14278,1036,4002,884,1519,3403
1980,16362,1262,4609,1028,1758,3974
1981,18015,1491,5201,1195,1946,4484
1982,19086,1662,5665,1352,1990,4819
1983,18944,1726,5960,1466,1943,5000
1984,18632,1790,6255,1575,1903,5168
1985,18157,1852,6682,1710,1916,5471
1986,17852,1956,7162,1855,1976,5859
1987,17435,2005,7570,1988,2033,6192
1988,17291,2052,8027,2104,2090,6611
1989,17588,2124,8499,2190,2130,7134
1990,17948,2236,9064,2291,2196,7876
1991,18253,2365,9613,2391,2225,8530
1992,18248,2495,10058,2476,2210,8887
1993,18277,2604,10420,2564,2219,9078
1994,18757,2681,10763,2657,2305,9280
1995,19555,2725,11318,2813,2493,9657
1996,20271,2699,11637,2948,2665,9911
1997,21088,2609,11884,3096,2757,10090
1998,22032,2514,12162,3200,2801,10218
1999,22612,2497,12598,3305,2876,10257
2000,22807,2500,13073,3415,2945,10229
2001,23149,2506,13334,3473,2971,10165
2002,23551,2544,13486,3564,2944,9964
2003,24293,2648,13647,3644,2906,9782
2004,25658,2874,14061,3735,2967,9739
2005,27483,3287,14712,3952,3129,9780
2006,28897,3734,15409,4187,3353,9992
2007,30077,4010,16135,4398,3552,10275
2008,31690,4243,17023,4666,3630,10446
2009,32622,4423,17488,4814,3506,10202
2010,33063,4580,17680,4830,3311,9942
2011,34701,4897,18322,4916,3253,10076
2012,37087,5149,19007,5046,3230,10312
2013,40342,5322,19621,5246,3302,10495
2014,44286,5577,20403,5512,3511,10776
2015,46488,5821,21170,5812,3721,11068
2016,46649,6130,21874,6212,3883,11236
2017,46597,6516,22817,6641,4047,11497
2018,46899,6933,24257,7053,4257,11643
2019,47526,7310,25828,7427,4460,11887
2020,48062,7368,26910,7618,4558,12394
2021,50536,7612,28395,7906,4889,12984
2022,56817,8470,31509,8581,5627,13967
2023,59644,8772,33662,8920,6163,14600
2024,60765,8704,35297,9154,6557,15049
2025,62582,8725,37308,9504,7012,15670
