year,farms,fff,gdp,paper,wood,forest
1997,88135,20501,8577552,55369,26791,82160
1998,80020,20726,9062817,55857,27513,83370
1999,71655,21668,9631172,59410,29374,88784
2000,76657,22262,10250952,62172,28304,90476
2001,79028,21737,10581929,53492,27233,80725
2002,75073,21594,10929108,54113,27264,81377
2003,92417,22846,11456450,51020,28719,79739
2004,120924,23586,12217196,52733,32583,85316
2005,106317,23875,13039197,51672,34713,86385
2006,98279,28861,13815583,57976,31677,89653
2007,117852,28409,14474228,55744,29082,84826
2008,118766,27781,14769862,51401,25624,77025
2009,102461,26849,14478067,59226,21205,80431
2010,117043,28700,15048971,56383,23322,79705
2011,151135,28752,15599732,53839,23682,77521
2012,148752,30705,16253970,53154,25818,78972
2013,184472,31375,16880683,56588,30206,86794
2014,167051,33530,17608138,56996,30330,87326
2015,146259,35887,18295019,59988,31471,91459
2016,130270,37222,18804913,58720,33680,92400
2017,138733,38107,19612102,55897,35688,91585
2018,136825,40291,20656516,60248,36919,97167
2019,122630,41585,21539982,62716,36824,99540
2020,120506,43877,21375281,65084,43000,108084
2021,185665,45016,23745848,64634,60012,124646
2022,246303,47167,26059709,70133,64646,134779
2023,217051,52149,27825886,70739,56777,127516
2024,196211,51849,29380991,68978,55449,124427
2025,203549,52377,30861292,70916,55509,126425
