year,flow,cmd,fob,primary
1981,M,0,,16517607424
1981,M,03,,3108350720
1981,M,1,,3418208768
1981,M,22,,447511488
1981,M,24,,2166572800
1981,M,25,,1819571584
1981,M,4,,526628256
1981,M,63,,1407299456
1981,M,64,,3984500992
1981,X,0,30666477568,30666477568
1981,X,03,1161444608,1161444608
1981,X,1,2940312576,2940312576
1981,X,22,6872673792,6872673792
1981,X,24,2094591488,2094591488
1981,X,25,2023482752,2023482752
1981,X,4,1782999552,1782999552
1981,X,63,898647808,898647808
1981,X,64,2988726528,2988726528
1982,M,0,,15715574784
1982,M,03,,3291589888
1982,M,1,,3665660672
1982,M,22,,73934016
1982,M,24,,1846609920
1982,M,25,,1518300416
1982,M,4,,447242624
1982,M,63,,1171241344
1982,M,64,,3967746560
1982,X,0,24255064064,24255064064
1982,X,03,1084879488,1084879488
1982,X,1,3046146048,3046146048
1982,X,22,6834201600,6834201600
1982,X,24,2129129088,2129129088
1982,X,25,1734256896,1734256896
1982,X,4,1576086400,1576086400
1982,X,63,694628928,694628928
1982,X,64,2680125952,2680125952
1983,M,0,,16678723584
1983,M,03,,3763682304
1983,M,1,,3709698816
1983,M,22,,94993696
1983,M,24,,2875597824
1983,M,25,,1499907584
1983,M,4,,541101504
1983,M,63,,1536462080
1983,M,64,,4384992768
1983,X,0,24379584512,24379584512
1983,X,03,969160128,969160128
1983,X,1,2832090880,2832090880
1983,X,22,6340455424,6340455424
1983,X,24,2125550976,2125550976
1983,X,25,1755378816,1755378816
1983,X,4,1491179904,1491179904
1983,X,63,678033344,678033344
1983,X,64,2573224960,2573224960
1984,M,0,,19412516864
1984,M,03,,3859132160
1984,M,1,,4006456832
1984,M,22,,90434744
1984,M,24,,3013911808
1984,M,25,,1879077888
1984,M,4,,745022976
1984,M,63,,1761923840
1984,M,64,,5861411840
1984,X,0,24721082368,24721082368
1984,X,03,899577792,899577792
1984,X,1,2880734720,2880734720
1984,X,22,6193344000,6193344000
1984,X,24,2062821632,2062821632
1984,X,25,1992136576,1992136576
1984,X,4,1976287744,1976287744
1984,X,63,609840768,609840768
1984,X,64,2637204992,2637204992
1985,M,0,,20264996864
1985,M,03,,4187482368
1985,M,1,,4124288768
1985,M,22,,101051328
1985,M,24,,3240547328
1985,M,25,,1551633408
1985,M,4,,733972160
1985,M,63,,1813247360
1985,M,64,,6290907136
1985,X,0,19456880640,19456880640
1985,X,03,1068875456,1068875456
1985,X,1,2994999808,2994999808
1985,X,22,4156584192,4156584192
1985,X,24,2054618368,2054618368
1985,X,25,1789626368,1789626368
1985,X,4,1480343424,1480343424
1985,X,63,582302336,582302336
1985,X,64,2361120512,2361120512
1986,M,0,,22372763648
1986,M,03,,4933443072
1986,M,1,,4226496256
1986,M,22,,66747592
1986,M,24,,3306164736
1986,M,25,,1632448768
1986,M,4,,588617280
1986,M,63,,1999642240
1986,M,64,,6683944960
1986,X,0,17648805888,17648805888
1986,X,03,1331469312,1331469312
1986,X,1,2960336128,2960336128
1986,X,22,4666483712,4666483712
1986,X,24,2260038656,2260038656
1986,X,25,2159601152,2159601152
1986,X,4,1049812992,1049812992
1986,X,63,729597632,729597632
1986,X,64,2640148992,2640148992
1987,M,0,,22214770688
1987,M,03,,5872139264
1987,M,1,,4460808192
1987,M,22,,60456988
1987,M,24,,3511160320
1987,M,25,,2109532544
1987,M,4,,637970624
1987,M,63,,2361808640
1987,M,64,,7689530368
1987,X,0,19481298944,19481298944
1987,X,03,1634788096,1634788096
1987,X,1,3709953792,3709953792
1987,X,22,4689784320,4689784320
1987,X,24,3021467648,3021467648
1987,X,25,2903952128,2903952128
1987,X,4,1041164288,1041164288
1987,X,63,887970560,887970560
1987,X,64,3230641408,3230641408
1988,M,0,,21764933632
1988,M,03,,5605571584
1988,M,1,,4480975360
1988,M,22,,96454304
1988,M,24,,3328595712
1988,M,25,,2665739264
1988,M,4,,925933120
1988,M,63,,2413119744
1988,M,64,,8752012288
1988,X,0,26709643264,26709643264
1988,X,03,2235262464,2235262464
1988,X,1,4599803392,4599803392
1988,X,22,5239417856,5239417856
1988,X,24,4110809600,4110809600
1988,X,25,3728323584,3728323584
1988,X,4,1536313984,1536313984
1988,X,63,1156983552,1156983552
1988,X,64,3921483008,3921483008
1989,M,0,,22448012834
1989,M,03,,5710635785
1989,M,1,,4689878003
1989,M,22,,185573624
1989,M,24,,3703942651
1989,M,25,,3164367392
1989,M,4,,784345790
1989,M,63,,2254330124
1989,M,64,,9011228787
1989,X,0,30234033247,30234033247
1989,X,03,2373549418,2373549418
1989,X,1,5595668219,5595668219
1989,X,22,4363090909,4363090909
1989,X,24,4591970487,4591970487
1989,X,25,4365275357,4365275357
1989,X,4,1331637974,1331637974
1989,X,63,1492971436,1492971436
1989,X,64,4362237334,4362237334
1990,M,0,,23957959545
1990,M,03,,5521719368
1990,M,1,,4973235443
1990,M,22,,206919431
1990,M,24,,3389285183
1990,M,25,,3005531991
1990,M,4,,869807360
1990,M,63,,2275848498
1990,M,64,,9065036185
1990,X,0,30090287839,30090287839
1990,X,03,2903767372,2903767372
1990,X,1,7194224853,7194224853
1990,X,22,3916470005,3916470005
1990,X,24,4830492651,4830492651
1990,X,25,4069341774,4069341774
1990,X,4,1166606632,1166606632
1990,X,63,1735038609,1735038609
1990,X,64,5168767163,5168767163
1991,M,0,,23858388263
1991,M,03,,5951294186
1991,M,1,,5128252430
1991,M,22,,150031815
1991,M,24,,3317385660
1991,M,25,,2301207594
1991,M,4,,917598521
1991,M,63,,2137159470
1991,M,64,,8504502689
1991,X,0,30478752967,30478752967
1991,X,03,3181223594,3181223594
1991,X,1,6839289770,6839289770
1991,X,22,4319757596,4319757596
1991,X,24,4641842412,4641842412
1991,X,25,3626700270,3626700270
1991,X,4,1100511240,1100511240
1991,X,63,1932851805,1932851805
1991,X,64,6166760099,6166760099
