Item,Year,X_kusd,M_kusd,ratio
Primary wood and paper products (export/import),1961,437298,1232916,0.35468596400728
Primary wood and paper products (export/import),1962,456288,1315989,0.346726302423501
Primary wood and paper products (export/import),1963,525806,1342726,0.391595902663686
Primary wood and paper products (export/import),1964,611259,1435079,0.425941010912988
Primary wood and paper products (export/import),1965,687625,1511078,0.455055926960753
Primary wood and paper products (export/import),1966,769630,1669698,0.460939642977353
Primary wood and paper products (export/import),1967,871608,1614463,0.539874868609562
Primary wood and paper products (export/import),1968,1213576,2246390,0.540233886368796
Primary wood and paper products (export/import),1969,1346946,2494417,0.539984292922956
Primary wood and paper products (export/import),1970,1658040,2307552,0.718527686483338
Primary wood and paper products (export/import),1971,1509838,2693678,0.560511686994511
Primary wood and paper products (export/import),1972,1838642,3305989,0.556154905536588
Primary wood and paper products (export/import),1973,2730786,4027252,0.678076763013588
Primary wood and paper products (export/import),1974,3724239,4308018,0.864490120514817
Primary wood and paper products (export/import),1975,3613227,3972088,0.909654317829816
Primary wood and paper products (export/import),1976,4166855,5061356,0.823268507490878
Primary wood and paper products (export/import),1977,4059424,6039024,0.672198686410254
Primary wood and paper products (export/import),1978,4244434,7682589,0.552474432772598
Primary wood and paper products (export/import),1979,6018689,8149222,0.738559950876292
Primary wood and paper products (export/import),1980,7404772,7611628,0.97282368502507
Primary wood and paper products (export/import),1981,6882083,7732662,0.890001787224115
Primary wood and paper products (export/import),1982,6017243,8106301,0.742292076250315
Primary wood and paper products (export/import),1983,6033807,9020518,0.668898061064786
Primary wood and paper products (export/import),1984,6219231,10547022,0.589667016907711
Primary wood and paper products (export/import),1985,5770375,10803714,0.534110306881504
Primary wood and paper products (export/import),1986,6795317,11157833,0.609017629139995
Primary wood and paper products (export/import),1987,8782463,13068210,0.672047893322804
Primary wood and paper products (export/import),1988,11564733,14411694,0.80245479816599
Primary wood and paper products (export/import),1989,13058860,15257301,0.855908918621977
Primary wood and paper products (export/import),1990,13376333,14979366,0.892983922016459
Primary wood and paper products (export/import),1991,13199757,12879239,1.02488640827304
Primary wood and paper products (export/import),1992,14380990,14614755,0.984004863577939
Primary wood and paper products (export/import),1993,13537705,16312954,0.82987452793651
Primary wood and paper products (export/import),1994,14411468,18655770,0.772493871869132
Primary wood and paper products (export/import),1995,18252253,22444014,0.813234789463239
Primary wood and paper products (export/import),1996,17097223,23451813,0.729036300946115
Primary wood and paper products (export/import),1997,16384240,24155826,0.678272810873865
Primary wood and paper products (export/import),1998,14666378,22026753,0.665843849068449
Primary wood and paper products (export/import),1999,14650350,24482164,0.598409111220724
Primary wood and paper products (export/import),2000,16563635,25823164,0.641425465911149
Primary wood and paper products (export/import),2001,14094805,24339667,0.579087832220548
Primary wood and paper products (export/import),2002,13838301,23408124,0.591175140733192
Primary wood and paper products (export/import),2003,14201193,24536568,0.578776665098395
Primary wood and paper products (export/import),2004,15877177,31455615,0.50474857986404
Primary wood and paper products (export/import),2005,17018961,32100697,0.530174189052655
Primary wood and paper products (export/import),2006,18497513,31698402,0.58354717692078
Primary wood and paper products (export/import),2007,20872689,27660324,0.754607538219726
Primary wood and paper products (export/import),2008,21274008,24327525,0.874483039273416
Primary wood and paper products (export/import),2009,19148260,17122792,1.11829075538615
Primary wood and paper products (export/import),2010,22923905,19542151,1.17304922063083
Primary wood and paper products (export/import),2011,25250957,19527676,1.29308561858564
Primary wood and paper products (export/import),2012,25605682,20752316,1.2338710532357
Primary wood and paper products (export/import),2013,26595675,22952586,1.158722376642
Primary wood and paper products (export/import),2014,27234076,24613980,1.10644747415899
Primary wood and paper products (export/import),2015,25149516,23685321,1.06181866819538
Primary wood and paper products (export/import),2016,24636383,24078761,1.02315825137348
Primary wood and paper products (export/import),2017,27084951,24938867,1.08605378905144
Primary wood and paper products (export/import),2018,28296900,26906650,1.05166938284773
Primary wood and paper products (export/import),2019,24441916,23306733,1.04870622579321
Primary wood and paper products (export/import),2020,22364104,25201833,0.887399896666246
Primary wood and paper products (export/import),2021,27051831,37504115,0.721303009016477
Primary wood and paper products (export/import),2022,29970591,40379476,0.742223376053716
Primary wood and paper products (export/import),2023,25284821,28166663,0.897686069521263
Primary wood and paper products (export/import),2024,25639064,29754713,0.861680769698569
"Wood, pulp and paper products (export/import)",2000,23578658,44754144,0.526848597528756
"Wood, pulp and paper products (export/import)",2001,20846285,43142148,0.483199978823493
"Wood, pulp and paper products (export/import)",2002,19757225,44561414,0.443370692859971
"Wood, pulp and paper products (export/import)",2003,20400101,47762491,0.427115516232183
"Wood, pulp and paper products (export/import)",2004,22582119,58339275,0.387082612871003
"Wood, pulp and paper products (export/import)",2005,24171181,61902709,0.390470488133242
"Wood, pulp and paper products (export/import)",2006,26377849,63120798,0.417894732572931
"Wood, pulp and paper products (export/import)",2007,29141242,58464527,0.498443132876111
"Wood, pulp and paper products (export/import)",2008,30246527,52405094,0.577167689079997
"Wood, pulp and paper products (export/import)",2009,26965542,39067405,0.690231204248145
"Wood, pulp and paper products (export/import)",2010,31792850,45145497,0.704230811768447
"Wood, pulp and paper products (export/import)",2011,34815434,45133217,0.771392697312049
"Wood, pulp and paper products (export/import)",2012,35408347,48256038,0.733759928653902
"Wood, pulp and paper products (export/import)",2013,36657690,52150785,0.702917319461251
"Wood, pulp and paper products (export/import)",2014,37489612,55826325,0.671540030621754
"Wood, pulp and paper products (export/import)",2015,35206983,57509507,0.612194136875491
"Wood, pulp and paper products (export/import)",2016,34178621,58401669,0.585233634333293
"Wood, pulp and paper products (export/import)",2017,36388531,61166439,0.594910078057675
"Wood, pulp and paper products (export/import)",2018,37775269,66056996,0.571858717281058
"Wood, pulp and paper products (export/import)",2019,33783405,60597810,0.557502078045395
"Wood, pulp and paper products (export/import)",2020,30824420,63023456,0.48909440954809
"Wood, pulp and paper products (export/import)",2021,36831058,85792306,0.42930490759859
"Wood, pulp and paper products (export/import)",2022,40751922,94493026,0.431269097044262
"Wood, pulp and paper products (export/import)",2023,35644955,67238052,0.530130691472144
"Wood, pulp and paper products (export/import)",2024,35655498,71396957,0.499398006556498
