year,sector,M,X,ratio
2014,Agriculture,,149072348051,
2014,Forest products,,35050434189,
2014,Seafood,,5780309631,
2015,Agriculture,,132710136177,
2015,Forest products,,33330179884,
2015,Seafood,,5591265013,
2016,Agriculture,,135379529629,
2016,Forest products,,32319199294,
2016,Seafood,,5416768522,
2017,Agriculture,130339501709,137545768779,1.05528843501404
2017,Forest products,40775216524,34305928848,0.841342653025712
2017,Seafood,22462226631,5760718168,0.256462471981725
2018,Agriculture,138853427385,139447248670,1.00427660516693
2018,Forest products,44608948657,35675213694,0.799732223422438
2018,Seafood,23489197548,5632612321,0.23979585975595
2019,Agriculture,136299502423,136435920078,1.00100086685993
2019,Forest products,37878843644,31865007864,0.841234969142132
2019,Seafood,21911978354,5247068404,0.239461189639326
2020,Agriculture,147101671458,144971620514,0.985519872596362
2020,Forest products,41403482404,29059194224,0.701853866794369
2020,Seafood,22495408378,4384698372,0.194915259964257
2021,Agriculture,172276304253,171226369766,0.993905520021731
2021,Forest products,57494201058,34747298968,0.604361802209357
2021,Seafood,29597936281,5253726869,0.177503148162818
2022,Agriculture,190051681754,187073494468,0.984329592569168
2022,Forest products,59191392663,38274861345,0.646628836103146
2022,Seafood,29597232747,5481456940,0.185201670266137
2023,Agriculture,188599363102,169966927137,0.901206262531634
2023,Forest products,44425404660,33242811587,0.748283821867612
2023,Seafood,24958728146,5075510726,0.20335614444414
2024,Agriculture,206241160820,172919924119,0.838435564615147
2024,Forest products,46947117888,33529749859,0.714202519076691
2024,Seafood,24921009600,4855665218,0.194842235364333
2025,Agriculture,206421772273,167830814953,0.813048028339946
2025,Forest products,44081858016,31088308499,0.705240429922808
2025,Seafood,25853705214,5531620651,0.213958525681827
